{
  "providers": [
    {
      "type": "bitmap",
      "file": "minecraft:font/owner.png",
      "ascent": 7,
      "height": 7,
      "chars": ["\uE101"]
    },
    {
      "type": "bitmap",
      "file": "minecraft:font/coowner.png",
      "ascent": 7,
      "height": 7,
      "chars": ["\uE102"]
    },
    {
      "type": "bitmap",
      "file": "minecraft:font/manager.png",
      "ascent": 7,
      "height": 7,
      "chars": ["\uE103"]
    },
    {
      "type": "bitmap",
      "file": "minecraft:font/admin.png",
      "ascent": 7,
      "height": 7,
      "chars": ["\uE104"]
    },
    {
      "type": "bitmap",
      "file": "minecraft:font/sradmin.png",
      "ascent": 7,
      "height": 7,
      "chars": ["\uE105"]
    },
    {
      "type": "bitmap",
      "file": "minecraft:font/mod.png",
      "ascent": 7,
      "height": 7,
      "chars": ["\uE106"]
    },
    {
      "type": "bitmap",
      "file": "minecraft:font/srmod.png",
      "ascent": 7,
      "height": 7,
      "chars": ["\uE107"]
    },
    {
      "type": "bitmap",
      "file": "minecraft:font/helper.png",
      "ascent": 7,
      "height": 7,
      "chars": ["\uE108"]
    },
    {
      "type": "bitmap",
      "file": "minecraft:font/jrdev.png",
      "ascent": 7,
      "height": 7,
      "chars": ["\uE109"]
    },
    {
      "type": "bitmap",
      "file": "minecraft:font/dev.png",
      "ascent": 7,
      "height": 7,
      "chars": ["\uE10A"]
    },
    {
      "type": "bitmap",
      "file": "minecraft:font/srdev.png",
      "ascent": 7,
      "height": 7,
      "chars": ["\uE10B"]
    },
    {
      "type": "bitmap",
      "file": "minecraft:font/utente.png",
      "ascent": 7,
      "height": 7,
      "chars": ["\uE10C"]
    },
    {
      "type": "bitmap",
      "file": "minecraft:font/cosmic.png",
      "ascent": 7,
      "height": 7,
      "chars": ["\uE10D"]
    },
    {
      "type": "bitmap",
      "file": "minecraft:font/galaxy.png",
      "ascent": 7,
      "height": 7,
      "chars": ["\uE10E"]
    },
    {
      "type": "bitmap",
      "file": "minecraft:font/star.png",
      "ascent": 7,
      "height": 7,
      "chars": ["\uE10F"]
    },
    {
      "type": "bitmap",
      "file": "minecraft:font/void.png",
      "ascent": 7,
      "height": 7,
      "chars": ["\uE110"]
    },
    {
      "type": "bitmap",
      "file": "minecraft:font/logotest.png",
      "height": 64,
      "ascent": 56,
      "chars": ["\uE111"]
    }
  ]
}
