{
  "providers": [
    {
      "type": "bitmap",
      "file": "minecraft:font/owner.png",
      "ascent": 7,
      "height": 7,
      "chars": [""]
    },
    {
      "type": "bitmap",
      "file": "minecraft:font/coowner.png",
      "ascent": 7,
      "height": 7,
      "chars": [""]
    },
    {
      "type": "bitmap",
      "file": "minecraft:font/manager.png",
      "ascent": 7,
      "height": 7,
      "chars": [""]
    },
    {
      "type": "bitmap",
      "file": "minecraft:font/admin.png",
      "ascent": 7,
      "height": 7,
      "chars": [""]
    },
    {
      "type": "bitmap",
      "file": "minecraft:font/sradmin.png",
      "ascent": 7,
      "height": 7,
      "chars": [""]
    },
    {
      "type": "bitmap",
      "file": "minecraft:font/mod.png",
      "ascent": 7,
      "height": 7,
      "chars": [""]
    },
    {
      "type": "bitmap",
      "file": "minecraft:font/srmod.png",
      "ascent": 7,
      "height": 7,
      "chars": [""]
    },
    {
      "type": "bitmap",
      "file": "minecraft:font/helper.png",
      "ascent": 7,
      "height": 7,
      "chars": [""]
    },
    {
      "type": "bitmap",
      "file": "minecraft:font/jrdev.png",
      "ascent": 7,
      "height": 7,
      "chars": [""]
    },
    {
      "type": "bitmap",
      "file": "minecraft:font/dev.png",
      "ascent": 7,
      "height": 7,
      "chars": [""]
    },
    {
      "type": "bitmap",
      "file": "minecraft:font/srdev.png",
      "ascent": 7,
      "height": 7,
      "chars": [""]
    },
    {
      "type": "bitmap",
      "file": "minecraft:font/utente.png",
      "ascent": 7,
      "height": 7,
      "chars": [""]
    },
    {
      "type": "bitmap",
      "file": "minecraft:font/cosmic.png",
      "ascent": 7,
      "height": 7,
      "chars": [""]
    },
    {
      "type": "bitmap",
      "file": "minecraft:font/galaxy.png",
      "ascent": 7,
      "height": 7,
      "chars": [""]
    },
    {
      "type": "bitmap",
      "file": "minecraft:font/star.png",
      "ascent": 7,
      "height": 7,
      "chars": [""]
    },
    {
      "type": "bitmap",
      "file": "minecraft:font/void.png",
      "ascent": 7,
      "height": 7,
      "chars": [""]
    },
{
  "type": "bitmap",
  "file": "minecraft:font/logotest.png",
  "height": 64,
  "ascent": 63,
  "chars": [""]
}
  ]
}
